"","weblink","titles","authors","au_category","piece","category","id","un_programs","un_specialized_agencies","un","ngo"
"1","https://wikipedia.org/wiki/Academy_of_Korean_Studies","The Korean Story: Secrets of an Economic Miracle","Academy of Korean Studies","Academy of Korean Studies","Academy_of_Korean_Studies","research institute",1,0,0,0,0
"2","https://wikipedia.org/wiki/Ahmedabad_University","Work and Employment for a Sustainable Future","Ahmedabad University","Ahmedabad University","Ahmedabad_University","private university",2,0,0,0,0
"3","https://wikipedia.org/wiki/Ahmedabad_University","Living Heritage and Sustainable Development","Ahmedabad University","Ahmedabad University","Ahmedabad_University","private university",3,0,0,0,0
"4","https://wikipedia.org/wiki/Ain_Shams_University","Sustainable Food Systems: A Mediterranean Perspective","Ain Shams University","Ain Shams University","Ain_Shams_University","public university",4,0,0,0,0
"5","https://wikipedia.org/wiki/Ain_Shams_University","Sustainable Food Systems: A Mediterranean Perspective","Ain Shams University","Ain Shams University","Ain_Shams_University","public university",5,0,0,0,0
"6","https://wikipedia.org/wiki/All_India_Institutes_of_Medical_Sciences","Global Public Health","All India Institutes of Medical Sciences","All India Institutes of Medical Sciences","All_India_Institutes_of_Medical_Sciences","public university",6,0,0,0,0
"7","https://wikipedia.org/wiki/American_Museum_of_Natural_History","Our Earth's Future","American Museum of Natural History","American Museum of Natural History","American_Museum_of_Natural_History","cultural institution",7,0,0,0,0
"8","https://wikipedia.org/wiki/American_Museum_of_Natural_History","Ecology: Ecosystem Dynamics and Conservation","American Museum of Natural History","American Museum of Natural History","American_Museum_of_Natural_History","cultural institution",8,0,0,0,0
"9","https://wikipedia.org/wiki/Athens_University_of_Economics_and_Business","Sustainable Food Systems: A Mediterranean Perspective","Athens University of Economics and Business","Athens University of Economics and Business","Athens_University_of_Economics_and_Business","public university",9,0,0,0,0
"10","https://wikipedia.org/wiki/Boston_College","Book Club with Jeffrey Sachs","Boston College","Boston College","Boston_College","private research university",10,0,0,0,0
"11","https://wikipedia.org/wiki/Brookings_Institution","Understanding Poverty and Inequality","Brookings Institution","Brookings Institution","Brookings_Institution","public policy think tank",11,0,0,0,0
"12","https://wikipedia.org/wiki/Brookings_Institution","Understanding Poverty and Inequality","Brookings Institution","Brookings Institution","Brookings_Institution","public policy think tank",12,0,0,0,0
"13","https://wikipedia.org/wiki/Brookings_Institution","Understanding Poverty and Inequality","Brookings Institution","Brookings Institution","Brookings_Institution","public policy think tank",13,0,0,0,0
"14","https://wikipedia.org/wiki/Brookings_Institution","Understanding Poverty and Inequality","Brookings Institution","Brookings Institution","Brookings_Institution","public policy think tank",14,0,0,0,0
"15","https://wikipedia.org/wiki/Brookings_Institution","Understanding Poverty and Inequality","Brookings Institution","Brookings Institution","Brookings_Institution","public policy think tank",15,0,0,0,0
"16","https://wikipedia.org/wiki/Brookings_Institution","Understanding Poverty and Inequality","Brookings Institution","Brookings Institution","Brookings_Institution","public policy think tank",16,0,0,0,0
"17","https://wikipedia.org/wiki/Brookings_Institution","Understanding Poverty and Inequality","Brookings Institution","Brookings Institution","Brookings_Institution","public policy think tank",17,0,0,0,0
"18","https://wikipedia.org/wiki/Brookings_Institution","Understanding Poverty and Inequality","Brookings Institution","Brookings Institution","Brookings_Institution","public policy think tank",18,0,0,0,0
"19","https://wikipedia.org/wiki/Brookings_Institution","Understanding Poverty and Inequality","Brookings Institution","Brookings Institution","Brookings_Institution","public policy think tank",19,0,0,0,0
"20","https://wikipedia.org/wiki/Chatham_House","Global Public Health","Chatham House","Chatham House","Chatham_House","public policy think tank",20,0,0,0,0
"21","https://wikipedia.org/wiki/Cities_Alliance","Sustainable Cities","Cities Alliance","Cities Alliance","Cities_Alliance","intergovernmental organization",21,0,0,0,0
"22","https://wikipedia.org/wiki/Columbia_University","Transforming Our World: Achieving the SDGs","Columbia University","Columbia University","Columbia_University","private research university",22,0,0,0,0
"23","https://wikipedia.org/wiki/Columbia_University","The Age of Sustainable Development","Columbia University","Columbia University","Columbia_University","private research university",23,0,0,0,0
"24","https://wikipedia.org/wiki/Columbia_University","The Korean Story: Secrets of an Economic Miracle","Columbia University","Columbia University","Columbia_University","private research university",24,0,0,0,0
"25","https://wikipedia.org/wiki/Columbia_University","Sustainable Development: The Post-Capitalist Order","Columbia University","Columbia University","Columbia_University","private research university",25,0,0,0,0
"26","https://wikipedia.org/wiki/Columbia_University","The Turn: From Reactionary Populism to a Progressive Alternative","Columbia University","Columbia University","Columbia_University","private research university",26,0,0,0,0
"27","https://wikipedia.org/wiki/Columbia_University","Feeding a Hungry Planet","Columbia University","Columbia University","Columbia_University","private research university",27,0,0,0,0
"28","https://wikipedia.org/wiki/Columbia_University","Climate Action: Solutions for a Changing Planet","Columbia University","Columbia University","Columbia_University","private research university",28,0,0,0,0
"29","https://wikipedia.org/wiki/Columbia_University","Tech for Good: The Role of ICT in Achieving the SDGs","Columbia University","Columbia University","Columbia_University","private research university",29,0,0,0,0
"30","https://wikipedia.org/wiki/Columbia_University","Ethics in Action","Columbia University","Columbia University","Columbia_University","private research university",30,0,0,0,0
"31","https://wikipedia.org/wiki/Columbia_University","Climate Action: Solutions for a Changing Planet","Columbia University","Columbia University","Columbia_University","private research university",31,0,0,0,0
"32","https://wikipedia.org/wiki/Columbia_University","Work and Employment for a Sustainable Future","Columbia University","Columbia University","Columbia_University","private research university",32,0,0,0,0
"33","https://wikipedia.org/wiki/Columbia_University","From the Ground Up: Managing our Terrestrial Ecosystems","Columbia University","Columbia University","Columbia_University","private research university",33,0,0,0,0
"34","https://wikipedia.org/wiki/Columbia_University","Book Club with Jeffrey Sachs","Columbia University","Columbia University","Columbia_University","private research university",34,0,0,0,0
"35","https://wikipedia.org/wiki/Columbia_University","Sustainable Food Systems: A Mediterranean Perspective","Columbia University","Columbia University","Columbia_University","private research university",35,0,0,0,0
"36","https://wikipedia.org/wiki/Columbia_University","The Age of Sustainable Development","Columbia University","Columbia University","Columbia_University","private research university",36,0,0,0,0
"37","https://wikipedia.org/wiki/Columbia_University","Macroeconomics for a Sustainable Planet","Columbia University","Columbia University","Columbia_University","private research university",37,0,0,0,0
"38","https://wikipedia.org/wiki/Columbia_University","Environmental Security and Sustaining Peace","Columbia University","Columbia University","Columbia_University","private research university",38,0,0,0,0
"39","https://wikipedia.org/wiki/Columbia_University","Conversations with Global Leaders: Leading on Sustainable Development","Columbia University","Columbia University","Columbia_University","private research university",39,0,0,0,0
"40","https://wikipedia.org/wiki/Columbia_University","Cities and the Challenge of Sustainable Development","Columbia University","Columbia University","Columbia_University","private research university",40,0,0,0,0
"41","https://wikipedia.org/wiki/Columbia_University","Laudato Si<U+0092>: On Care for Our Common Home","Columbia University","Columbia University","Columbia_University","private research university",41,0,0,0,0
"42","https://wikipedia.org/wiki/Columbia_University","Globalization: Past and Future","Columbia University","Columbia University","Columbia_University","private research university",42,0,0,0,0
"43","https://wikipedia.org/wiki/Columbia_University","Natural Resources for Sustainable Development","Columbia University","Columbia University","Columbia_University","private research university",43,0,0,0,0
"44","https://wikipedia.org/wiki/Columbia_University","Climate Action: Solutions for a Changing Planet","Columbia University","Columbia University","Columbia_University","private research university",44,0,0,0,0
"45","https://wikipedia.org/wiki/Columbia_University","Climate Change Science & Negotiations","Columbia University","Columbia University","Columbia_University","private research university",45,0,0,0,0
"46","https://wikipedia.org/wiki/Columbia_University","Sustainable Cities","Columbia University","Columbia University","Columbia_University","private research university",46,0,0,0,0
"47","https://wikipedia.org/wiki/Columbia_University","How to Achieve the SDGs","Columbia University","Columbia University","Columbia_University","private research university",47,0,0,0,0
"48","https://wikipedia.org/wiki/Columbia_University","Sector Extractivo: sostenibilidad y desarrollo en Am<e9>rica Latina y el Caribe","Columbia University","Columbia University","Columbia_University","private research university",48,0,0,0,0
"49","https://wikipedia.org/wiki/Cornell_University","Feeding a Hungry Planet","Cornell University","Cornell University","Cornell_University","private research university",49,0,0,0,0
"50","https://wikipedia.org/wiki/Curtin_University","Sustainable Cities","Curtin University","Curtin University","Curtin_University","public university",50,0,0,0,0
"51","https://wikipedia.org/wiki/Duke_University","Environmental Security and Sustaining Peace","Duke University","Duke University","Duke_University","private research university",51,0,0,0,0
"52","https://wikipedia.org/wiki/ECLAC","Integrated policies and policy coherence for SDGs","ECLAC","ECLAC","ECLAC","un primary organ",52,0,0,0,0
"53","https://wikipedia.org/wiki/ECLAC","Integrated policies and policy coherence for SDGs","ECLAC","ECLAC","ECLAC","un primary organ",53,0,0,0,0
"54","https://wikipedia.org/wiki/Environmental_Law_Institute","Environmental Security and Sustaining Peace","Environmental Law Institute","Environmental Law Institute","Environmental_Law_Institute","ngo",54,0,0,0,1
"55","https://wikipedia.org/wiki/Erasmus_University_Rotterdam","Principles of Sustainable Finance","Erasmus University Rotterdam","Erasmus University Rotterdam","Erasmus_University_Rotterdam","public university",55,0,0,0,0
"56","https://wikipedia.org/wiki/Erasmus_University_Rotterdam","Planning for Climate Change in African Cities","Erasmus University Rotterdam","Erasmus University Rotterdam","Erasmus_University_Rotterdam","public university",56,0,0,0,0
"57","https://wikipedia.org/wiki/European_Climate_Foundation","Climate Change Science & Negotiations","European Climate Foundation","European Climate Foundation","European_Climate_Foundation","philanthropic initiative",57,0,0,0,0
"58","https://wikipedia.org/wiki/GEOMAR","One Planet, One Ocean","GEOMAR","GEOMAR","GEOMAR","ngo",58,0,0,0,1
"59","https://wikipedia.org/wiki/George_Mason_University","From the Ground Up: Managing our Terrestrial Ecosystems","George Mason University","George Mason University","George_Mason_University","public research university",59,0,0,0,0
"60","https://wikipedia.org/wiki/GiveDirectly","Understanding Poverty and Inequality","GiveDirectly","GiveDirectly","GiveDirectly","ngo",60,0,0,0,2
"61","https://wikipedia.org/wiki/Global_Environment_Facility","Governance for Transboundary Freshwater Security","Global Environment Facility","Global Environment Facility","Global_Environment_Facility","government network",61,0,0,0,0
"62","https://wikipedia.org/wiki/Global_Water_Partnership","Governance for Transboundary Freshwater Security","Global Water Partnership","Global Water Partnership","Global_Water_Partnership","intergovernmental organization",62,0,0,0,0
"63","https://wikipedia.org/wiki/Global_Water_Partnership","Governance for Transboundary Freshwater Security","Global Water Partnership","Global Water Partnership","Global_Water_Partnership","intergovernmental organization",63,0,0,0,0
"64","https://wikipedia.org/wiki/Hankuk_University_of_Foreign_Studies","Living Heritage and Sustainable Development","Hankuk University of Foreign Studies","Hankuk University of Foreign Studies","Hankuk_University_of_Foreign_Studies","private university",64,0,0,0,0
"65","https://wikipedia.org/wiki/Harvard_University","The Best Start in Life: Early Childhood Development for Sustainable Development","Harvard University","Harvard University","Harvard_University","private research university",65,0,0,0,0
"66","https://wikipedia.org/wiki/Harvard_University","The Best Start in Life: Early Childhood Development for Sustainable Development","Harvard University","Harvard University","Harvard_University","private research university",66,0,0,0,0
"67","https://wikipedia.org/wiki/Harvard_University","Work and Employment for a Sustainable Future","Harvard University","Harvard University","Harvard_University","private research university",67,0,0,0,0
"68","https://wikipedia.org/wiki/Harvard_University","The Turn: From Reactionary Populism to a Progressive Alternative","Harvard University","Harvard University","Harvard_University","private research university",68,0,0,0,0
"69","https://wikipedia.org/wiki/Harvard_University","Work and Employment for a Sustainable Future","Harvard University","Harvard University","Harvard_University","private research university",69,0,0,0,0
"70","https://wikipedia.org/wiki/Harvard_University","Global Public Health","Harvard University","Harvard University","Harvard_University","private research university",70,0,0,0,0
"71","https://wikipedia.org/wiki/Hertie_School","Policy Coherence and Systems Thinking for Sustainable Development","Hertie School","Hertie School","Hertie_School","private university",71,0,0,0,0
"72","https://wikipedia.org/wiki/Hertie_School","Policy Coherence for Sustainable Development","Hertie School","Hertie School","Hertie_School","private university",72,0,0,0,0
"73","https://wikipedia.org/wiki/Hertie_School","Policy Coherence for Sustainable Development","Hertie School","Hertie School","Hertie_School","private university",73,0,0,0,0
"74","https://wikipedia.org/wiki/Howard_Hughes_Medical_Institute","Ecology: Ecosystem Dynamics and Conservation","Howard Hughes Medical Institute","Howard Hughes Medical Institute","Howard_Hughes_Medical_Institute","ngo",74,0,0,0,0
"75","https://wikipedia.org/wiki/International_Institute_for_Applied_Systems_Analysis","Climate Action: Solutions for a Changing Planet","International Institute for Applied Systems Analysis","International Institute for Applied Systems Analysis","International_Institute_for_Applied_Systems_Analysis","ngo",75,0,0,0,1
"76","https://wikipedia.org/wiki/International_Institute_for_Applied_Systems_Analysis","Climate Action: Solutions for a Changing Planet","International Institute for Applied Systems Analysis","International Institute for Applied Systems Analysis","International_Institute_for_Applied_Systems_Analysis","ngo",76,0,0,0,1
"77","https://wikipedia.org/wiki/International_Institute_for_Applied_Systems_Analysis","Climate Action: Solutions for a Changing Planet","International Institute for Applied Systems Analysis","International Institute for Applied Systems Analysis","International_Institute_for_Applied_Systems_Analysis","ngo",77,0,0,0,1
"78","https://wikipedia.org/wiki/International_Institute_for_Applied_Systems_Analysis","Climate Action: Solutions for a Changing Planet","International Institute for Applied Systems Analysis","International Institute for Applied Systems Analysis","International_Institute_for_Applied_Systems_Analysis","ngo",78,0,0,0,1
"79","https://wikipedia.org/wiki/International_Institute_for_Applied_Systems_Analysis","Climate Action: Solutions for a Changing Planet","International Institute for Applied Systems Analysis","International Institute for Applied Systems Analysis","International_Institute_for_Applied_Systems_Analysis","ngo",79,0,0,0,1
"80","https://wikipedia.org/wiki/International_Institute_for_Applied_Systems_Analysis","Climate Action: Solutions for a Changing Planet","International Institute for Applied Systems Analysis","International Institute for Applied Systems Analysis","International_Institute_for_Applied_Systems_Analysis","ngo",80,0,0,0,1
"81","https://wikipedia.org/wiki/International_Institute_for_Applied_Systems_Analysis","Climate Action: Solutions for a Changing Planet","International Institute for Applied Systems Analysis","International Institute for Applied Systems Analysis","International_Institute_for_Applied_Systems_Analysis","ngo",81,0,0,0,1
"82","https://wikipedia.org/wiki/International_Labour_Organization","Work and Employment for a Sustainable Future","International Labour Organization","International Labour Organization","International_Labour_Organization","un specialized agency",82,0,0,0,0
"83","https://wikipedia.org/wiki/International_Monetary_Fund","Laudato Si<U+0092>: On Care for Our Common Home","International Monetary Fund","International Monetary Fund","International_Monetary_Fund","finance",83,0,0,0,0
"84","https://wikipedia.org/wiki/International_Telecommunication_Union","Tech for Good: The Role of ICT in Achieving the SDGs","International Telecommunication Union","International Telecommunication Union","International_Telecommunication_Union","un specialized agency",84,0,0,0,0
"85","https://wikipedia.org/wiki/Johns_Hopkins_University","Feeding a Hungry Planet","Johns Hopkins University","Johns Hopkins University","Johns_Hopkins_University","private research university",85,0,0,0,0
"86","https://wikipedia.org/wiki/KDI_School_of_Public_Policy_and_Management","The Korean Story: Secrets of an Economic Miracle","KDI School of Public Policy and Management","KDI School of Public Policy and Management","KDI_School_of_Public_Policy_and_Management","government",86,0,0,0,0
"87","https://wikipedia.org/wiki/KDI_School_of_Public_Policy_and_Management","The Korean Story: Secrets of an Economic Miracle","KDI School of Public Policy and Management","KDI School of Public Policy and Management","KDI_School_of_Public_Policy_and_Management","government",87,0,0,0,0
"88","https://wikipedia.org/wiki/Kiel_University","One Planet, One Ocean","Kiel University","Kiel University","Kiel_University","public university",88,0,0,0,0
"89","https://wikipedia.org/wiki/Kiel_University","One Planet, One Ocean","Kiel University","Kiel University","Kiel_University","public university",89,0,0,0,0
"90","https://wikipedia.org/wiki/Kiel_University","One Planet, One Ocean","Kiel University","Kiel University","Kiel_University","public university",90,0,0,0,0
"91","https://wikipedia.org/wiki/Kiel_University","One Planet, One Ocean","Kiel University","Kiel University","Kiel_University","public university",91,0,0,0,0
"92","https://wikipedia.org/wiki/Kiel_University","One Planet, One Ocean","Kiel University","Kiel University","Kiel_University","public university",92,0,0,0,0
"93","https://wikipedia.org/wiki/Kiel_University","One Planet, One Ocean","Kiel University","Kiel University","Kiel_University","public university",93,0,0,0,0
"94","https://wikipedia.org/wiki/Kiel_University","One Planet, One Ocean","Kiel University","Kiel University","Kiel_University","public university",94,0,0,0,0
"95","https://wikipedia.org/wiki/Kiel_University","One Planet, One Ocean","Kiel University","Kiel University","Kiel_University","public university",95,0,0,0,0
"96","https://wikipedia.org/wiki/Kiel_University","One Planet, One Ocean","Kiel University","Kiel University","Kiel_University","public university",96,0,0,0,0
"97","https://wikipedia.org/wiki/Kiel_University","One Planet, One Ocean","Kiel University","Kiel University","Kiel_University","public university",97,0,0,0,0
"98","https://wikipedia.org/wiki/Kiel_University","One Planet, One Ocean","Kiel University","Kiel University","Kiel_University","public university",98,0,0,0,0
"99","https://wikipedia.org/wiki/Kiel_University","One Planet, One Ocean","Kiel University","Kiel University","Kiel_University","public university",99,0,0,0,0
"100","https://wikipedia.org/wiki/Kiel_University","One Planet, One Ocean","Kiel University","Kiel University","Kiel_University","public university",100,0,0,0,0
"101","https://wikipedia.org/wiki/Korea_University","The Korean Story: Secrets of an Economic Miracle","Korea University","Korea University","Korea_University","private university",101,0,0,0,0
"102","https://wikipedia.org/wiki/London_School_of_Economics_and_Political_Science","Understanding Poverty and Inequality","London School of Economics and Political Science","London School of Economics and Political Science","London_School_of_Economics_and_Political_Science","public research university",102,0,0,0,0
"103","https://wikipedia.org/wiki/Lund_University","Greening the Economy: Lessons from Scandinavia","Lund University","Lund University","Lund_University","public research university",103,0,0,0,0
"104","https://wikipedia.org/wiki/Middlesex_University","Human Rights, Human Wrongs","Middlesex University","Middlesex University","Middlesex_University","public research university",104,0,0,0,0
"105","https://wikipedia.org/wiki/Middlesex_University","Sustainable Cities","Middlesex University","Middlesex University","Middlesex_University","public research university",105,0,0,0,0
"106","https://wikipedia.org/wiki/Middlesex_University","Human Rights, Human Wrongs","Middlesex University","Middlesex University","Middlesex_University","public research university",106,0,0,0,0
"107","https://wikipedia.org/wiki/MIT","Tech for Good: The Role of ICT in Achieving the SDGs","MIT","MIT","MIT","private research university",107,0,0,0,0
"108","https://wikipedia.org/wiki/Monash_University","Climate Action: Solutions for a Changing Planet","Monash University","Monash University","Monash_University","public research university",108,0,0,0,0
"109","https://wikipedia.org/wiki/National_Autonomous_University_of_Mexico","Living Heritage and Sustainable Development","National Autonomous University of Mexico","National Autonomous University of Mexico","National_Autonomous_University_of_Mexico","public university",109,0,0,0,0
"110","https://wikipedia.org/wiki/National_Research_University_Higher_School_of_Economics","Climate Action: Solutions for a Changing Planet","National Research University Higher School of Economics","National Research University Higher School of Economics","National_Research_University_Higher_School_of_Economics","public university",110,0,0,0,0
"111","https://wikipedia.org/wiki/National_Wildlife_Federation","Climate Action: Solutions for a Changing Planet","National Wildlife Federation","National Wildlife Federation","National_Wildlife_Federation","ngo",111,0,0,0,2
"112","https://wikipedia.org/wiki/Natural_Resource_Governance_Institute","Natural Resources for Sustainable Development","Natural Resource Governance Institute","Natural Resource Governance Institute","Natural_Resource_Governance_Institute","ngo",112,0,0,0,0
"113","https://wikipedia.org/wiki/Natural_Resource_Governance_Institute","Sector Extractivo: sostenibilidad y desarrollo en Am<e9>rica Latina y el Caribe","Natural Resource Governance Institute","Natural Resource Governance Institute","Natural_Resource_Governance_Institute","ngo",113,0,0,0,0
"114","https://wikipedia.org/wiki/Natural_Resource_Governance_Institute","Natural Resources for Sustainable Development","Natural Resource Governance Institute","Natural Resource Governance Institute","Natural_Resource_Governance_Institute","ngo",114,0,0,0,0
"115","https://wikipedia.org/wiki/Natural_Resource_Governance_Institute","Natural Resources for Sustainable Development","Natural Resource Governance Institute","Natural Resource Governance Institute","Natural_Resource_Governance_Institute","ngo",115,0,0,0,0
"116","https://wikipedia.org/wiki/New_School","Sustainable Cities","New School","New School","New_School","private research university",116,0,0,0,0
"117","https://wikipedia.org/wiki/New_York_University","The Best Start in Life: Early Childhood Development for Sustainable Development","New York University","New York University","New_York_University","private research university",117,0,0,0,0
"118","https://wikipedia.org/wiki/New_York_University","The Best Start in Life: Early Childhood Development for Sustainable Development","New York University","New York University","New_York_University","private research university",118,0,0,0,0
"119","https://wikipedia.org/wiki/Northumbria_University","Governance for Transboundary Freshwater Security","Northumbria University","Northumbria University","Northumbria_University","public university",119,0,0,0,0
"120","https://wikipedia.org/wiki/Oregon_State_University","Governance for Transboundary Freshwater Security","Oregon State University","Oregon State University","Oregon_State_University","public research university",120,0,0,0,0
"121","https://wikipedia.org/wiki/Penn_State_University","Climate Change: The Science and Global Impact","Penn State University","Penn State University","Penn_State_University","public research university",121,0,0,0,0
"122","https://wikipedia.org/wiki/Pontifical_Academy_of_Sciences","Laudato Si<U+0092>: On Care for Our Common Home","Pontifical Academy of Sciences","Pontifical Academy of Sciences","Pontifical_Academy_of_Sciences","cultural institution",122,0,0,0,0
"123","https://wikipedia.org/wiki/Public_Health_Foundation_of_India","Global Public Health","Public Health Foundation of India","Public Health Foundation of India","Public_Health_Foundation_of_India","ngo",123,0,0,0,0
"124","https://wikipedia.org/wiki/Roman_Catholic_Church","Laudato Si<U+0092>: On Care for Our Common Home","Roman Catholic Church","Roman Catholic Church","Roman_Catholic_Church","cultural institution",124,0,0,0,0
"125","https://wikipedia.org/wiki/Seoul_National_University","The Korean Story: Secrets of an Economic Miracle","Seoul National University","Seoul National University","Seoul_National_University","public research university",125,0,0,0,0
"126","https://wikipedia.org/wiki/SOAS_University_of_London","Global Energy and Climate Policy","SOAS University of London","SOAS University of London","SOAS_University_of_London","public university",126,0,0,0,0
"127","https://wikipedia.org/wiki/Stellenbosch_University","Planetary Boundaries and Human Opportunities","Stellenbosch University","Stellenbosch University","Stellenbosch_University","public university",127,0,0,0,0
"128","https://wikipedia.org/wiki/Stockholm_International_Water_Institute","Governance for Transboundary Freshwater Security","Stockholm International Water Institute","Stockholm International Water Institute","Stockholm_International_Water_Institute","policy institute",128,0,0,0,0
"129","https://wikipedia.org/wiki/Stockholm_International_Water_Institute","Water: Addressing the Global Crisis","Stockholm International Water Institute","Stockholm International Water Institute","Stockholm_International_Water_Institute","policy institute",129,0,0,0,0
"130","https://wikipedia.org/wiki/Stockholm_International_Water_Institute","Water: Addressing the Global Crisis","Stockholm International Water Institute","Stockholm International Water Institute","Stockholm_International_Water_Institute","policy institute",130,0,0,0,0
"131","https://wikipedia.org/wiki/Stockholm_International_Water_Institute","Water: Addressing the Global Crisis","Stockholm International Water Institute","Stockholm International Water Institute","Stockholm_International_Water_Institute","policy institute",131,0,0,0,0
"132","https://wikipedia.org/wiki/Stockholm_International_Water_Institute","Governance for Transboundary Freshwater Security","Stockholm International Water Institute","Stockholm International Water Institute","Stockholm_International_Water_Institute","policy institute",132,0,0,0,0
"133","https://wikipedia.org/wiki/Stockholm_Resilience_Centre","Planetary Boundaries and Human Opportunities","Stockholm Resilience Centre","Stockholm Resilience Centre","Stockholm_Resilience_Centre","research institute",133,0,0,0,0
"134","https://wikipedia.org/wiki/Stockholm_Resilience_Centre","Planetary Boundaries and Human Opportunities","Stockholm Resilience Centre","Stockholm Resilience Centre","Stockholm_Resilience_Centre","research institute",134,0,0,0,0
"135","https://wikipedia.org/wiki/Stockholm_Resilience_Centre","Planetary Boundaries and Human Opportunities","Stockholm Resilience Centre","Stockholm Resilience Centre","Stockholm_Resilience_Centre","research institute",135,0,0,0,0
"136","https://wikipedia.org/wiki/Stockholm_Resilience_Centre","Planetary Boundaries and Human Opportunities","Stockholm Resilience Centre","Stockholm Resilience Centre","Stockholm_Resilience_Centre","research institute",136,0,0,0,0
"137","https://wikipedia.org/wiki/Stockholm_Resilience_Centre","Transforming Development: The Science and Practice of Resilience Thinking","Stockholm Resilience Centre","Stockholm Resilience Centre","Stockholm_Resilience_Centre","research institute",137,0,0,0,0
"138","https://wikipedia.org/wiki/Stockholm_Resilience_Centre","Planetary Boundaries and Human Opportunities","Stockholm Resilience Centre","Stockholm Resilience Centre","Stockholm_Resilience_Centre","research institute",138,0,0,0,0
"139","https://wikipedia.org/wiki/Stockholm_University","Planetary Boundaries and Human Opportunities","Stockholm University","Stockholm University","Stockholm_University","public university",139,0,0,0,0
"140","https://wikipedia.org/wiki/Sunway_University","Understanding Poverty and Inequality","Sunway University","Sunway University","Sunway_University","ngo",140,0,0,0,0
"141","https://wikipedia.org/wiki/SUNY","The Korean Story: Secrets of an Economic Miracle","SUNY","SUNY","SUNY","public university",141,0,0,0,0
"142","https://wikipedia.org/wiki/Technical_University_of_Denmark_(DTU)","Global Environmental Management","Technical University of Denmark (DTU)","Technical University of Denmark (DTU)","Technical_University_of_Denmark_(DTU)","public university",142,0,0,0,0
"143","https://wikipedia.org/wiki/Technical_University_of_Denmark_(DTU)","Environmental Management & Ethics","Technical University of Denmark (DTU)","Technical University of Denmark (DTU)","Technical_University_of_Denmark_(DTU)","public university",143,0,0,0,0
"144","https://wikipedia.org/wiki/the_European_Union","Getting a Good Deal: Negotiating Extractive Industry Contracts","the European Union","the European Union","the_European_Union","supranational union",144,0,0,0,0
"145","https://wikipedia.org/wiki/The_University_of_Chicago","Global Warming II: Create Your Own Models in Python","The University of Chicago","The University of Chicago","The_University_of_Chicago","private research university",145,0,0,0,0
"146","https://wikipedia.org/wiki/The_University_of_Hong_Kong","Living Heritage and Sustainable Development","The University of Hong Kong","The University of Hong Kong","The_University_of_Hong_Kong","public university",146,0,0,0,0
"147","https://wikipedia.org/wiki/The_University_of_North_Carolina_at_Chapel_Hill","Introduction to Environmental Law and Policy","The University of North Carolina at Chapel Hill","The University of North Carolina at Chapel Hill","The_University_of_North_Carolina_at_Chapel_Hill","public research university",147,0,0,0,0
"148","https://wikipedia.org/wiki/The_World_Bank_Group","From Climate Science to Action","The World Bank Group","The World Bank Group","The_World_Bank_Group","intergovernmental organization",148,0,0,0,0
"149","https://wikipedia.org/wiki/Tufts_University","Feeding a Hungry Planet","Tufts University","Tufts University","Tufts_University","private research university",149,0,0,0,0
"150","https://wikipedia.org/wiki/Tulane_University","Understanding Poverty and Inequality","Tulane University","Tulane University","Tulane_University","private research university",150,0,0,0,0
"151","https://wikipedia.org/wiki/UiB","System Dynamics-based Development Planning","UiB","UiB","UiB","public university",151,0,0,0,0
"152","https://wikipedia.org/wiki/UN-Habitat","Sustainable Cities","UN-Habitat","UN-Habitat","UN-Habitat","un program",152,1,0,0,0
"153","https://wikipedia.org/wiki/UN_DESA","Integrated policies and policy coherence for SDGs","UN DESA","UN DESA","UN_DESA","department",153,0,0,0,0
"154","https://wikipedia.org/wiki/UN_DESA","Integrated policies and policy coherence for SDGs","UN DESA","UN DESA","UN_DESA","department",154,0,0,0,0
"155","https://wikipedia.org/wiki/UNDP","Anti-Corruption in the context of the 2030 Agenda","UNDP","UNDP","UNDP","un program",155,1,0,0,0
"156","https://wikipedia.org/wiki/UNEP","Circular Economy and the 2030 Agenda","UNEP","UNEP","UNEP","un program",156,1,0,0,0
"157","https://wikipedia.org/wiki/UNESCO","Tech for Good: The Role of ICT in Achieving the SDGs","UNESCO","UNESCO","UNESCO","un specialized agency",157,0,1,0,0
"158","https://wikipedia.org/wiki/UNESCO","Tech for Good: The Role of ICT in Achieving the SDGs","UNESCO","UNESCO","UNESCO","un specialized agency",158,0,1,0,0
"159","https://wikipedia.org/wiki/UNESCO","Tech for Good: The Role of ICT in Achieving the SDGs","UNESCO","UNESCO","UNESCO","un specialized agency",159,0,1,0,0
"160","https://wikipedia.org/wiki/Unilever","Conversations with Global Leaders: Leading on Sustainable Development","Unilever","Unilever","Unilever","business",160,0,0,0,0
"161","https://wikipedia.org/wiki/UNITAR","SDG Primer","UNITAR","UNITAR","UNITAR","un",161,0,0,1,0
"162","https://wikipedia.org/wiki/UNITAR","SDG Primer","UNITAR","UNITAR","UNITAR","un",162,0,0,1,0
"163","https://wikipedia.org/wiki/UNITAR","LEiP","UNITAR","UNITAR","UNITAR","un",163,0,0,1,0
"164","https://wikipedia.org/wiki/UNITAR","Integrated policies and policy coherence for SDGs","UNITAR","UNITAR","UNITAR","un",164,0,0,1,0
"165","https://wikipedia.org/wiki/UNITAR","LEiP","UNITAR","UNITAR","UNITAR","un",165,0,0,1,0
"166","https://wikipedia.org/wiki/UNITAR","Integrated policies and policy coherence for SDGs","UNITAR","UNITAR","UNITAR","un",166,0,0,1,0
"167","https://wikipedia.org/wiki/United_Nations_Development_Programme","Water: Addressing the Global Crisis","United Nations Development Programme","United Nations Development Programme","United_Nations_Development_Programme","un program",167,0,0,0,0
"168","https://wikipedia.org/wiki/United_Nations_Development_Programme","Understanding Poverty and Inequality","United Nations Development Programme","United Nations Development Programme","United_Nations_Development_Programme","un program",168,0,0,0,0
"169","https://wikipedia.org/wiki/United_Nations_Development_Programme","From the Ground Up: Managing our Terrestrial Ecosystems","United Nations Development Programme","United Nations Development Programme","United_Nations_Development_Programme","un program",169,0,0,0,0
"170","https://wikipedia.org/wiki/United_Nations_Economic_and_Social_Commission_for_Asia_and_the_Pacific","Integration of the SDGs into National Planning","United Nations Economic and Social Commission for Asia and the Pacific","United Nations Economic and Social Commission for Asia and the Pacific","United_Nations_Economic_and_Social_Commission_for_Asia_and_the_Pacific","un primary organ",170,0,0,0,0
"171","https://wikipedia.org/wiki/United_Nations_Economic_and_Social_Commission_for_Asia_and_the_Pacific","Integration of the SDGs into National Planning","United Nations Economic and Social Commission for Asia and the Pacific","United Nations Economic and Social Commission for Asia and the Pacific","United_Nations_Economic_and_Social_Commission_for_Asia_and_the_Pacific","un primary organ",171,0,0,0,0
"172","https://wikipedia.org/wiki/United_Nations_Economic_Commission_for_Africa","Natural Resources for Sustainable Development","United Nations Economic Commission for Africa","United Nations Economic Commission for Africa","United_Nations_Economic_Commission_for_Africa","un primary organ",172,0,0,0,0
"173","https://wikipedia.org/wiki/United_Nations_Economic_Commission_for_Europe","Governance for Transboundary Freshwater Security","United Nations Economic Commission for Europe","United Nations Economic Commission for Europe","United_Nations_Economic_Commission_for_Europe","un primary organ",173,0,0,0,0
"174","https://wikipedia.org/wiki/United_Nations_Economic_Commission_for_Latin_America__and_the_Caribbean","Foresight for Development, the 2030 Agenda and the SDGs","United Nations Economic Commission for Latin America  and the Caribbean","United Nations Economic Commission for Latin America  and the Caribbean","United_Nations_Economic_Commission_for_Latin_America__and_the_Caribbean","un primary organ",174,0,0,0,0
"175","https://wikipedia.org/wiki/United_Nations_Economic_Commission_for_Latin_America__and_the_Caribbean","Foresight for Development, the 2030 Agenda and the SDGs","United Nations Economic Commission for Latin America  and the Caribbean","United Nations Economic Commission for Latin America  and the Caribbean","United_Nations_Economic_Commission_for_Latin_America__and_the_Caribbean","un primary organ",175,0,0,0,0
"176","https://wikipedia.org/wiki/United_Nations_Environment_Programme","Environmental Security and Sustaining Peace","United Nations Environment Programme","United Nations Environment Programme","United_Nations_Environment_Programme","un program",176,0,0,0,0
"177","https://wikipedia.org/wiki/United_Nations_Environment_Programme","Nature-based Solutions for Disaster and Climate Resilience","United Nations Environment Programme","United Nations Environment Programme","United_Nations_Environment_Programme","un program",177,0,0,0,0
"178","https://wikipedia.org/wiki/United_Nations_Environment_Programme","Nature-based Solutions for Disaster and Climate Resilience","United Nations Environment Programme","United Nations Environment Programme","United_Nations_Environment_Programme","un program",178,0,0,0,0
"179","https://wikipedia.org/wiki/United_Nations_Environment_Programme","Nature-based Solutions for Disaster and Climate Resilience","United Nations Environment Programme","United Nations Environment Programme","United_Nations_Environment_Programme","un program",179,0,0,0,0
"180","https://wikipedia.org/wiki/United_Nations_Institute_for_Training_and_Research","Policy cycle, integrated approaches and SDGs","United Nations Institute for Training and Research","United Nations Institute for Training and Research","United_Nations_Institute_for_Training_and_Research","research institute",180,0,0,0,0
"181","https://wikipedia.org/wiki/United_Nations_Institute_for_Training_and_Research","Policy cycle, integrated approaches and SDGs","United Nations Institute for Training and Research","United Nations Institute for Training and Research","United_Nations_Institute_for_Training_and_Research","research institute",181,0,0,0,0
"182","https://wikipedia.org/wiki/United_Nations_Institute_for_Training_and_Research","Policy cycle, integrated approaches and SDGs for African LDCs","United Nations Institute for Training and Research","United Nations Institute for Training and Research","United_Nations_Institute_for_Training_and_Research","research institute",182,0,0,0,0
"183","https://wikipedia.org/wiki/United_Nations_Institute_for_Training_and_Research","Policy cycle, integrated approaches and SDGs for African LDCs","United Nations Institute for Training and Research","United Nations Institute for Training and Research","United_Nations_Institute_for_Training_and_Research","research institute",183,0,0,0,0
"184","https://wikipedia.org/wiki/United_Nations_Institute_for_Training_and_Research","Preparing for Action <U+0093>National Briefing Package: The 2030 Agenda and SDGs<U+0094>","United Nations Institute for Training and Research","United Nations Institute for Training and Research","United_Nations_Institute_for_Training_and_Research","research institute",184,0,0,0,0
"185","https://wikipedia.org/wiki/United_Nations_Institute_for_Training_and_Research","Preparing for Action <U+0093>National Briefing Package: The 2030 Agenda and SDGs<U+0094>","United Nations Institute for Training and Research","United Nations Institute for Training and Research","United_Nations_Institute_for_Training_and_Research","research institute",185,0,0,0,0
"186","https://wikipedia.org/wiki/United_Nations_System_Staff_College","Social Protection for Sustainable Development","United Nations System Staff College","United Nations System Staff College","United_Nations_System_Staff_College","research institute",186,0,0,0,0
"187","https://wikipedia.org/wiki/United_Nations_System_Staff_College","UN Summer Academy","United Nations System Staff College","United Nations System Staff College","United_Nations_System_Staff_College","research institute",187,0,0,0,0
"188","https://wikipedia.org/wiki/United_Nations_System_Staff_College","The UN Country Team Leadership Course","United Nations System Staff College","United Nations System Staff College","United_Nations_System_Staff_College","research institute",188,0,0,0,0
"189","https://wikipedia.org/wiki/United_Nations_System_Staff_College","The UN Country Team Leadership Course","United Nations System Staff College","United Nations System Staff College","United_Nations_System_Staff_College","research institute",189,0,0,0,0
"190","https://wikipedia.org/wiki/United_Nations_System_Staff_College","UN Strategic Communications for the 2030 Agenda","United Nations System Staff College","United Nations System Staff College","United_Nations_System_Staff_College","research institute",190,0,0,0,0
"191","https://wikipedia.org/wiki/United_Nations_System_Staff_College","Social Protection for Sustainable Development","United Nations System Staff College","United Nations System Staff College","United_Nations_System_Staff_College","research institute",191,0,0,0,0
"192","https://wikipedia.org/wiki/United_Nations_System_Staff_College","UN Summer Academy 2022","United Nations System Staff College","United Nations System Staff College","United_Nations_System_Staff_College","research institute",192,0,0,0,0
"193","https://wikipedia.org/wiki/United_Nations_System_Staff_College","UN Summer Academy","United Nations System Staff College","United Nations System Staff College","United_Nations_System_Staff_College","research institute",193,0,0,0,0
"194","https://wikipedia.org/wiki/University_of_Alberta","Introduction to the Arctic: Climate","University of Alberta","University of Alberta","University_of_Alberta","public university",194,0,0,0,0
"195","https://wikipedia.org/wiki/University_of_Arizona","Biosphere 2 Science for the Future of Our Planet","University of Arizona","University of Arizona","University_of_Arizona","public research university",195,0,0,0,0
"196","https://wikipedia.org/wiki/University_of_California_-_Irvine","Environmental Security and Sustaining Peace","University of California - Irvine","University of California - Irvine","University_of_California_-_Irvine","public research university",196,0,0,0,0
"197","https://wikipedia.org/wiki/University_of_California_San_Diego","Our Energy Future","University of California San Diego","University of California San Diego","University_of_California_San_Diego","public research university",197,0,0,0,0
"198","https://wikipedia.org/wiki/University_of_Cape_Town","Understanding Poverty and Inequality","University of Cape Town","University of Cape Town","University_of_Cape_Town","public university",198,0,0,0,0
"199","https://wikipedia.org/wiki/University_of_Cape_Town","Climate Change Mitigation in Developing Countries","University of Cape Town","University of Cape Town","University_of_Cape_Town","public university",199,0,0,0,0
"200","https://wikipedia.org/wiki/University_of_Cape_Town","Climate Adaptation in Africa","University of Cape Town","University of Cape Town","University_of_Cape_Town","public university",200,0,0,0,0
"201","https://wikipedia.org/wiki/University_of_Colorado_Boulder","Frozen in the Ice: Exploring the Arctic","University of Colorado Boulder","University of Colorado Boulder","University_of_Colorado_Boulder","public research university",201,0,0,0,0
"202","https://wikipedia.org/wiki/University_of_Colorado_System","Sustainable Business: Big Issues, Big Changes","University of Colorado System","University of Colorado System","University_of_Colorado_System","public university",202,0,0,0,0
"203","https://wikipedia.org/wiki/University_of_Copenhagen","The Sustainable Development Goals <U+0096> A global, transdisciplinary vision for the future","University of Copenhagen","University of Copenhagen","University_of_Copenhagen","public research university",203,0,0,0,0
"204","https://wikipedia.org/wiki/University_of_Delaware","Climate Action: Solutions for a Changing Planet","University of Delaware","University of Delaware","University_of_Delaware","public research university",204,0,0,0,0
"205","https://wikipedia.org/wiki/University_of_Exeter","Sustainable Food Systems: A Mediterranean Perspective","University of Exeter","University of Exeter","University_of_Exeter","public university",205,0,0,0,0
"206","https://wikipedia.org/wiki/University_of_Geneva","Climate Change and Water in Mountains: A Global Concern","University of Geneva","University of Geneva","University_of_Geneva","public university",206,0,0,0,0
"207","https://wikipedia.org/wiki/University_of_Gothenburg","Work and Employment for a Sustainable Future","University of Gothenburg","University of Gothenburg","University_of_Gothenburg","public university",207,0,0,0,0
"208","https://wikipedia.org/wiki/University_of_Illinois_at_Urbana-Champaign","Introduction to Sustainability","University of Illinois at Urbana-Champaign","University of Illinois at Urbana-Champaign","University_of_Illinois_at_Urbana-Champaign","public research university",208,0,0,0,0
"209","https://wikipedia.org/wiki/University_of_London","Global Energy and Climate Policy","University of London","University of London","University_of_London","public university",209,0,0,0,0
"210","https://wikipedia.org/wiki/University_of_Manchester","Our Earth: Its Climate, History, and Processes","University of Manchester","University of Manchester","University_of_Manchester","public research university",210,0,0,0,0
"211","https://wikipedia.org/wiki/University_of_Michigan","Act on Climate: Steps to Individual, Community, and Political Action","University of Michigan","University of Michigan","University_of_Michigan","public research university",211,0,0,0,0
"212","https://wikipedia.org/wiki/University_of_Michigan","Beyond the Sustainable Development Goals (SDGs): Addressing Sustainability and Development","University of Michigan","University of Michigan","University_of_Michigan","public research university",212,0,0,0,0
"213","https://wikipedia.org/wiki/University_of_Music_Franz_Liszt_Weimar","Living Heritage and Sustainable Development","University of Music Franz Liszt Weimar","University of Music Franz Liszt Weimar","University_of_Music_Franz_Liszt_Weimar","public university",213,0,0,0,0
"214","https://wikipedia.org/wiki/University_of_Oxford","Understanding Poverty and Inequality","University of Oxford","University of Oxford","University_of_Oxford","public research university",214,0,0,0,0
"215","https://wikipedia.org/wiki/University_of_Oxford","Natural Resources for Sustainable Development","University of Oxford","University of Oxford","University_of_Oxford","public research university",215,0,0,0,0
"216","https://wikipedia.org/wiki/University_of_Oxford","Work and Employment for a Sustainable Future","University of Oxford","University of Oxford","University_of_Oxford","public research university",216,0,0,0,0
"217","https://wikipedia.org/wiki/University_of_Oxford","Governance for Transboundary Freshwater Security","University of Oxford","University of Oxford","University_of_Oxford","public research university",217,0,0,0,0
"218","https://wikipedia.org/wiki/University_of_Oxford","Sector Extractivo: sostenibilidad y desarrollo en Am<e9>rica Latina y el Caribe","University of Oxford","University of Oxford","University_of_Oxford","public research university",218,0,0,0,0
"219","https://wikipedia.org/wiki/University_of_Pennsylvania","Sustainable Cities","University of Pennsylvania","University of Pennsylvania","University_of_Pennsylvania","private research university",219,0,0,0,0
"220","https://wikipedia.org/wiki/University_of_South_Africa","Living Heritage and Sustainable Development","University of South Africa","University of South Africa","University_of_South_Africa","public research university",220,0,0,0,0
"221","https://wikipedia.org/wiki/University_of_the_Philippines","Natural Resources for Sustainable Development","University of the Philippines","University of the Philippines","University_of_the_Philippines","ngo",221,0,0,0,1
"222","https://wikipedia.org/wiki/University_of_Victoria","Transforming Development: The Science and Practice of Resilience Thinking","University of Victoria","University of Victoria","University_of_Victoria","public university",222,0,0,0,0
"223","https://wikipedia.org/wiki/University_of_Wollongong","Tech for Good: The Role of ICT in Achieving the SDGs","University of Wollongong","University of Wollongong","University_of_Wollongong","public research university",223,0,0,0,0
"224","https://wikipedia.org/wiki/UNOG","SDG Lab Toolkit","UNOG","UNOG","UNOG","un",224,0,0,0,0
"225","https://wikipedia.org/wiki/UNOG","SDG Lab Toolkit","UNOG","UNOG","UNOG","un",225,0,0,0,0
"226","https://wikipedia.org/wiki/UNSSC","SDG Primer","UNSSC","UNSSC","UNSSC","un internal agency",226,0,0,0,0
"227","https://wikipedia.org/wiki/UNSSC","Policy Coherence for Sustainable Development","UNSSC","UNSSC","UNSSC","un internal agency",227,0,0,0,0
"228","https://wikipedia.org/wiki/UNSSC","Anti-Corruption in the context of the 2030 Agenda","UNSSC","UNSSC","UNSSC","un internal agency",228,0,0,0,0
"229","https://wikipedia.org/wiki/UNSSC","SDG Primer","UNSSC","UNSSC","UNSSC","un internal agency",229,0,0,0,0
"230","https://wikipedia.org/wiki/UNSSC","Policy Coherence and Systems Thinking for Sustainable Development","UNSSC","UNSSC","UNSSC","un internal agency",230,0,0,0,0
"231","https://wikipedia.org/wiki/UNSSC","Circular Economy and the 2030 Agenda","UNSSC","UNSSC","UNSSC","un internal agency",231,0,0,0,0
"232","https://wikipedia.org/wiki/UNSSC","Policy Coherence for Sustainable Development","UNSSC","UNSSC","UNSSC","un internal agency",232,0,0,0,0
"233","https://wikipedia.org/wiki/Wageningen_University_&_Research","Feeding a Hungry Planet","Wageningen University & Research","Wageningen University & Research","Wageningen_University_&_Research","public university",233,0,0,0,0
"234","https://wikipedia.org/wiki/Wageningen_University_&_Research","Feeding a Hungry Planet","Wageningen University & Research","Wageningen University & Research","Wageningen_University_&_Research","public university",234,0,0,0,0
"235","https://wikipedia.org/wiki/World_Bank","Understanding Poverty and Inequality","World Bank","World Bank","World_Bank","finance",235,0,0,0,0
"236","https://wikipedia.org/wiki/World_Business_Council_for_Sustainable_Development","Climate Action: Solutions for a Changing Planet","World Business Council for Sustainable Development","World Business Council for Sustainable Development","World_Business_Council_for_Sustainable_Development","business",236,0,0,0,0
"237","https://wikipedia.org/wiki/World_Business_Council_for_Sustainable_Development","Climate Action: Solutions for a Changing Planet","World Business Council for Sustainable Development","World Business Council for Sustainable Development","World_Business_Council_for_Sustainable_Development","business",237,0,0,0,0
"238","https://wikipedia.org/wiki/World_Business_Council_for_Sustainable_Development","Climate Action: Solutions for a Changing Planet","World Business Council for Sustainable Development","World Business Council for Sustainable Development","World_Business_Council_for_Sustainable_Development","business",238,0,0,0,0
"239","https://wikipedia.org/wiki/World_Conference_of_Religions_for_Peace","Laudato Si<U+0092>: On Care for Our Common Home","World Conference of Religions for Peace","World Conference of Religions for Peace","World_Conference_of_Religions_for_Peace","ngo",239,0,0,0,2
"240","https://wikipedia.org/wiki/World_Conference_of_Religions_for_Peace","Ethics in Action","World Conference of Religions for Peace","World Conference of Religions for Peace","World_Conference_of_Religions_for_Peace","ngo",240,0,0,0,2
